instance,objective,primal_bks,dual_bound,gap_to_bks%,gap_to_dual%,wall_seconds,feasible,note,commit_sha,max_violation,n_int_vars,lns_repairs,lns_repairs_accepted,first_feasible_objective,time_to_first_feasible,search_config
process,-1161.17,-1161.34,-1161.34,0.0140145,0.0140159,60,true,feasible,4524460,5.60666e-07,0,60,1,0.85148890892799045,0.000410945,float_hook=on;lns=on;lns_interval=3;compound_moves=off;novelty_prob=0.5;unproductive_iters=300;perturbation_period=100;max_iterations=0;time_limit=on
st_e36,-243.857,-246,-246,0.871235,0.871235,60,true,feasible,4524460,0,1,10,0,-147.00000000000003,5.5244e-05,float_hook=on;lns=on;lns_interval=3;compound_moves=off;novelty_prob=0.5;unproductive_iters=300;perturbation_period=100;max_iterations=0;time_limit=on
ex4_1_1,-7.48731,-7.48731,-7.48731,1.30404e-09,9.47955e-08,60,true,matches-bks,4524460,0,0,79,0,0.10000000000000001,1.1803e-05,float_hook=on;lns=on;lns_interval=3;compound_moves=off;novelty_prob=0.5;unproductive_iters=300;perturbation_period=100;max_iterations=0;time_limit=on
ex8_1_6,-5.06544,-10.086,-10.086,49.7775,49.7775,60,true,feasible,4524460,0,0,32,0,-0.49349841453301291,1.2501e-05,float_hook=on;lns=on;lns_interval=3;compound_moves=off;novelty_prob=0.5;unproductive_iters=300;perturbation_period=100;max_iterations=0;time_limit=on
alkylation,1768.81,1768.81,1768.81,2.29892e-06,5.18222e-06,60,true,matches-bks,4524460,6.33975e-10,0,54,0,7.6578674903745897e-06,0.00322387,float_hook=on;lns=on;lns_interval=3;compound_moves=off;novelty_prob=0.5;unproductive_iters=300;perturbation_period=100;max_iterations=0;time_limit=on
nvs21,0,-5.68478,-5.68478,100,100,60.0001,true,feasible,4524460,0,2,1,0,0,1.2572e-05,float_hook=on;lns=on;lns_interval=3;compound_moves=off;novelty_prob=0.5;unproductive_iters=300;perturbation_period=100;max_iterations=0;time_limit=on
ex4_1_2,-663.493,-663.5,-663.5,0.00104101,0.00104112,60,true,feasible,4524460,0,0,12,0,-539.95734098699972,1.32e-05,float_hook=on;lns=on;lns_interval=3;compound_moves=off;novelty_prob=0.5;unproductive_iters=300;perturbation_period=100;max_iterations=0;time_limit=on
ex14_2_5,0,0,0,0,0,60,true,matches-bks,4524460,6.36994e-10,0,183,83,0.66298817112216568,9.7009e-05,float_hook=on;lns=on;lns_interval=3;compound_moves=off;novelty_prob=0.5;unproductive_iters=300;perturbation_period=100;max_iterations=0;time_limit=on
mathopt5_3,-1.61642,-1.61642,-1.61643,-1.80525e-08,3.40076e-05,60,true,matches-bks,4524460,0,0,115,0,0,1.299e-05,float_hook=on;lns=on;lns_interval=3;compound_moves=off;novelty_prob=0.5;unproductive_iters=300;perturbation_period=100;max_iterations=0;time_limit=on
ex8_4_5,0.000308196,0.000307486,0.000307485,0.231048,0.231472,60.0001,true,matches-bks,4524460,0,0,7,1,0.0023250655556214727,0.699814,float_hook=on;lns=on;lns_interval=3;compound_moves=off;novelty_prob=0.5;unproductive_iters=300;perturbation_period=100;max_iterations=0;time_limit=on
nvs01,12.4697,12.4697,12.4697,1.25762e-08,1.25762e-08,60.0002,true,matches-bks; stale-analysis-note,4524460,1.81899e-12,2,1,1,16.493347500000002,1.54756,float_hook=on;lns=on;lns_interval=3;compound_moves=off;novelty_prob=0.5;unproductive_iters=300;perturbation_period=100;max_iterations=0;time_limit=on
ex4_1_3,-443.672,-443.672,-443.672,-9.2614e-09,1.48513e-07,60,true,matches-bks,4524460,0,0,100,0,0,1.1803e-05,float_hook=on;lns=on;lns_interval=3;compound_moves=off;novelty_prob=0.5;unproductive_iters=300;perturbation_period=100;max_iterations=0;time_limit=on
ex14_2_4,0,0,0,0,0,60.0001,true,matches-bks,4524460,7.99393e-10,0,104,55,1.455459654958279,0.000288584,float_hook=on;lns=on;lns_interval=3;compound_moves=off;novelty_prob=0.5;unproductive_iters=300;perturbation_period=100;max_iterations=0;time_limit=on
ex8_1_1,-2.02181,-2.02181,-2.02181,-1.77761e-08,2.54545e-05,60,true,matches-bks,4524460,0,0,70,0,0,1.1873e-05,float_hook=on;lns=on;lns_interval=3;compound_moves=off;novelty_prob=0.5;unproductive_iters=300;perturbation_period=100;max_iterations=0;time_limit=on
shiporig,5.63179,5.54091,0,1.64007,5.63179,60.0001,true,feasible,4524460,7.10543e-15,0,5,0,53.66394365763648,0.000616767,float_hook=on;lns=on;lns_interval=3;compound_moves=off;novelty_prob=0.5;unproductive_iters=300;perturbation_period=100;max_iterations=0;time_limit=on
nvs08,23.4497,23.4497,23.4497,-9.64093e-08,3.1524e-08,60.0001,true,matches-bks,4524460,6.04645e-08,2,1,1,10829.104000250001,0.000383218,float_hook=on;lns=on;lns_interval=3;compound_moves=off;novelty_prob=0.5;unproductive_iters=300;perturbation_period=100;max_iterations=0;time_limit=on
ex4_1_7,-7.5,-7.5,-7.5,0,9.33333e-08,60,true,matches-bks,4524460,0,0,113,0,0,1.1524e-05,float_hook=on;lns=on;lns_interval=3;compound_moves=off;novelty_prob=0.5;unproductive_iters=300;perturbation_period=100;max_iterations=0;time_limit=on
eq6_1,687.65,670.694,194.583,2.5281,253.397,60.0002,true,feasible,4524460,0,0,0,0,1016.2762272054189,0.0255084,float_hook=on;lns=on;lns_interval=3;compound_moves=off;novelty_prob=0.5;unproductive_iters=300;perturbation_period=100;max_iterations=0;time_limit=on
minlphi,582.236,582.236,582.236,-8.64031e-07,-8.64031e-07,60.0001,true,matches-bks,4524460,3.19127e-07,0,17,0,582.23614204304033,0.00041318,float_hook=on;lns=on;lns_interval=3;compound_moves=off;novelty_prob=0.5;unproductive_iters=300;perturbation_period=100;max_iterations=0;time_limit=on
gear4,70535.5,1.64343,1.64343,4.29187e+06,4.29187e+06,60,true,feasible,4524460,0,4,10,2,855720.67522723996,7.6336e-05,float_hook=on;lns=on;lns_interval=3;compound_moves=off;novelty_prob=0.5;unproductive_iters=300;perturbation_period=100;max_iterations=0;time_limit=on
mathopt5_7,-4.43673,-4.43673,-4.43673,-1.01207e-08,1.02575e-07,60,true,matches-bks,4524460,0,0,86,0,0,1.348e-05,float_hook=on;lns=on;lns_interval=3;compound_moves=off;novelty_prob=0.5;unproductive_iters=300;perturbation_period=100;max_iterations=0;time_limit=on
elec25,NaN,243.813,90.2276,NaN,NaN,60.001,false,infeasible(residual=1; 25 viol; worst row0 ==; obj non-finite here) | bug: Thomson problem: points on the unit sphere; Coulomb objective +inf wherever two coincide. The objective-encoding defects (#100) are fixed and are no longer the blocker; tracked now as #110. What remains is the Float jump: the .nl gives no finite variable bounds; so the box is the +/-1e9 inf-clamp; random init starts ~1e9 out; and driving each variable to 0 is a huge row improvement - which lands the search on the origin; a stationary point of every row x^2+y^2+z^2=1. The Float jump offers one undamped Newton step (x0 - residual/grad) plus lb/ub/midpoint; near the origin that step overshoots wildly and is rejected; and because a candidate was still generated the #107 escape probe is suppressed; so the variable freezes at score 0. Measured: the escape probe fires only at exactly x0=0; at x0=0.001/0.01/0.1 the score is 0 whether it is armed or not. Infeasible at violation ~1 with the objective present AND with it neutralised; so this is not objective-related. Tightening the inf-clamp to 1 makes elec25 feasible at violation 0 post-#100 (pre-#100 it was infeasible at every clamp); because clamping accidentally supplies the missing damping.,4524460,0.9997,0,22,0,NaN,NaN,float_hook=on;lns=on;lns_interval=3;compound_moves=off;novelty_prob=0.5;unproductive_iters=300;perturbation_period=100;max_iterations=0;time_limit=on
st_e38,7197.73,7197.73,7197.73,-6.60847e-09,-6.60847e-09,60.0001,true,matches-bks,4524460,0,2,9,1,12897.056161924904,0.000194438,float_hook=on;lns=on;lns_interval=3;compound_moves=off;novelty_prob=0.5;unproductive_iters=300;perturbation_period=100;max_iterations=0;time_limit=on
ex8_1_5,-1.03163,-1.03163,NaN,-4.7456e-08,NaN,60,true,matches-bks,4524460,0,0,40,0,0,1.4596e-05,float_hook=on;lns=on;lns_interval=3;compound_moves=off;novelty_prob=0.5;unproductive_iters=300;perturbation_period=100;max_iterations=0;time_limit=on
maxmin,-0.366063,-0.366096,-0.815683,0.00895694,55.1219,60.0001,true,feasible,4524460,5.7507e-07,0,3,0,0,4.2603e-05,float_hook=on;lns=on;lns_interval=3;compound_moves=off;novelty_prob=0.5;unproductive_iters=300;perturbation_period=100;max_iterations=0;time_limit=on
nvs02,5.96418,5.96418,5.96418,1.17367e-09,1.17367e-09,60.0002,true,matches-bks,4524460,0,5,0,0,8.2546674073199977,0.00283115,float_hook=on;lns=on;lns_interval=3;compound_moves=off;novelty_prob=0.5;unproductive_iters=300;perturbation_period=100;max_iterations=0;time_limit=on
ex4_1_8,-16.7389,-16.7389,-16.7389,4.33823e-07,5.53305e-07,60,true,matches-bks,4524460,0,0,133,0,-12,2.7099e-05,float_hook=on;lns=on;lns_interval=3;compound_moves=off;novelty_prob=0.5;unproductive_iters=300;perturbation_period=100;max_iterations=0;time_limit=on
ex8_6_1,-21.6277,-28.4225,NaN,23.9064,NaN,60.0001,true,feasible,4524460,3.56973e-10,0,0,0,-0.017527879181238718,0.00264363,float_hook=on;lns=on;lns_interval=3;compound_moves=off;novelty_prob=0.5;unproductive_iters=300;perturbation_period=100;max_iterations=0;time_limit=on
nvs14,-40358.2,-40358.2,-40358.2,1.73446e-09,1.73446e-09,60,true,matches-bks,4524460,1.77636e-15,5,0,0,-17453.325926800004,0.00284463,float_hook=on;lns=on;lns_interval=3;compound_moves=off;novelty_prob=0.5;unproductive_iters=300;perturbation_period=100;max_iterations=0;time_limit=on
st_e01,-6.66667,-6.66667,-6.66667,5e-09,5e-09,60,true,matches-bks,4524460,0,0,140,0,0,1.32e-05,float_hook=on;lns=on;lns_interval=3;compound_moves=off;novelty_prob=0.5;unproductive_iters=300;perturbation_period=100;max_iterations=0;time_limit=on
chain50,6.06057,5.07226,-37.1026,19.4847,116.335,60.0002,true,feasible,4524460,7.59497e-08,0,0,0,8.0622149299903114,2.0264,float_hook=on;lns=on;lns_interval=3;compound_moves=off;novelty_prob=0.5;unproductive_iters=300;perturbation_period=100;max_iterations=0;time_limit=on
st_e40,30.8284,30.4142,30.4142,1.36191,1.36191,60.0001,true,feasible; stale-analysis-note,4524460,0,3,22,0,38.2426405,1.1685,float_hook=on;lns=on;lns_interval=3;compound_moves=off;novelty_prob=0.5;unproductive_iters=300;perturbation_period=100;max_iterations=0;time_limit=on
st_e09,-0.5,-0.5,-0.5,2e-08,2e-07,60,true,matches-bks,4524460,0,0,73,0,0,1.1175e-05,float_hook=on;lns=on;lns_interval=3;compound_moves=off;novelty_prob=0.5;unproductive_iters=300;perturbation_period=100;max_iterations=0;time_limit=on
elec50,NaN,1055.18,359.03,NaN,NaN,60.002,false,infeasible(residual=1; 50 viol; worst row0 ==; obj non-finite here) | bug: Same mechanism as elec25; at 50 points; see #110.,4524460,0.9997,0,13,0,NaN,NaN,float_hook=on;lns=on;lns_interval=3;compound_moves=off;novelty_prob=0.5;unproductive_iters=300;perturbation_period=100;max_iterations=0;time_limit=on
nvs05,86.595,5.47093,5.47093,1482.82,1482.82,60.0002,true,feasible,4524460,0,2,0,0,4420157.8981099995,0.00335335,float_hook=on;lns=on;lns_interval=3;compound_moves=off;novelty_prob=0.5;unproductive_iters=300;perturbation_period=100;max_iterations=0;time_limit=on
ex4_1_9,-5.50779,-5.50801,-5.50801,0.00401235,0.00401442,60,true,feasible,4524460,0,0,41,0,0,1.3759e-05,float_hook=on;lns=on;lns_interval=3;compound_moves=off;novelty_prob=0.5;unproductive_iters=300;perturbation_period=100;max_iterations=0;time_limit=on
kall_ellipsoids_tc02b,44.4759,32.4,22.5,37.2713,97.6706,60.0001,true,feasible,4524460,8.7777e-08,0,9,0,75.883951662540241,0.168093,float_hook=on;lns=on;lns_interval=3;compound_moves=off;novelty_prob=0.5;unproductive_iters=300;perturbation_period=100;max_iterations=0;time_limit=on
nvs22,13.4562,6.05822,6.05822,122.115,122.115,60.0001,true,feasible,4524460,0,4,0,0,212.71986000000001,0.0171097,float_hook=on;lns=on;lns_interval=3;compound_moves=off;novelty_prob=0.5;unproductive_iters=300;perturbation_period=100;max_iterations=0;time_limit=on
mathopt1,2.11048e-15,3.28943e-18,0,2.10719e-15,2.11048e-15,60,true,matches-bks,4524460,9.18799e-08,0,39,19,1,1.2781e-05,float_hook=on;lns=on;lns_interval=3;compound_moves=off;novelty_prob=0.5;unproductive_iters=300;perturbation_period=100;max_iterations=0;time_limit=on
least,14086.1,0,0,14086.1,14086.1,60,true,feasible,4524460,0,0,11,3,752888,1.2292e-05,float_hook=on;lns=on;lns_interval=3;compound_moves=off;novelty_prob=0.5;unproductive_iters=300;perturbation_period=100;max_iterations=0;time_limit=on
tln2,5.3,5.3,5.3,0,0,60,true,matches-bks,4524460,0,8,10,0,5.2999999999999998,0.000190596,float_hook=on;lns=on;lns_interval=3;compound_moves=off;novelty_prob=0.5;unproductive_iters=300;perturbation_period=100;max_iterations=0;time_limit=on
prob06,1.17712,1.17712,1.17712,-6.48556e-05,-6.43459e-05,60,true,matches-bks,4524460,1.58391e-07,0,90,0,3.25,4.6165e-05,float_hook=on;lns=on;lns_interval=3;compound_moves=off;novelty_prob=0.5;unproductive_iters=300;perturbation_period=100;max_iterations=0;time_limit=on
ex6_2_11,-2.67035e-06,-2.67241e-06,-4.7709e-06,0.0770944,44.0284,60,true,matches-bks,4524460,0,0,7,1,0.0050045608779482366,5.301e-05,float_hook=on;lns=on;lns_interval=3;compound_moves=off;novelty_prob=0.5;unproductive_iters=300;perturbation_period=100;max_iterations=0;time_limit=on
spring,0.846246,0.846244,0.846246,0.00026142,7.64731e-05,60.0001,true,feasible,4524460,0,12,8,0,1.2719486640533255,0.38092,float_hook=on;lns=on;lns_interval=3;compound_moves=off;novelty_prob=0.5;unproductive_iters=300;perturbation_period=100;max_iterations=0;time_limit=on
prob09,-3.33954e-10,-1.00256e-13,-1.00256e-13,-3.33853e-10,-3.33853e-10,60,true,matches-bks,4524460,3.34422e-10,0,68,12,1,3.101e-05,float_hook=on;lns=on;lns_interval=3;compound_moves=off;novelty_prob=0.5;unproductive_iters=300;perturbation_period=100;max_iterations=0;time_limit=on
ex6_2_6,-2.60253e-06,-2.60253e-06,-3.49783e-06,-5.77614e-05,25.5959,60.0001,true,matches-bks,4524460,7.8908e-07,0,4,3,1.2952063104449345,5.8248e-05,float_hook=on;lns=on;lns_interval=3;compound_moves=off;novelty_prob=0.5;unproductive_iters=300;perturbation_period=100;max_iterations=0;time_limit=on
windfac,0.254487,0.254487,0.254487,1.40608e-08,1.40608e-08,60.0001,true,matches-bks,4524460,0,3,16,0,0.74999999940791739,0.000968626,float_hook=on;lns=on;lns_interval=3;compound_moves=off;novelty_prob=0.5;unproductive_iters=300;perturbation_period=100;max_iterations=0;time_limit=on
st_e08,0.74179,0.741782,0.741782,0.00102419,0.00102457,60,true,feasible,4524460,0,0,100,0,1.125,3.4292e-05,float_hook=on;lns=on;lns_interval=3;compound_moves=off;novelty_prob=0.5;unproductive_iters=300;perturbation_period=100;max_iterations=0;time_limit=on
ex6_2_8,-0.0270063,-0.0270063,-0.0270079,0.000126513,0.00592444,60.0001,true,matches-bks,4524460,0,0,6,0,0.56340272686309767,5.8945e-05,float_hook=on;lns=on;lns_interval=3;compound_moves=off;novelty_prob=0.5;unproductive_iters=300;perturbation_period=100;max_iterations=0;time_limit=on
eg_all_s,14.4191,7.65775,0,88.2948,14.4191,60.025,true,feasible,4524460,0,7,0,0,1000000000,5.53106,float_hook=on;lns=on;lns_interval=3;compound_moves=off;novelty_prob=0.5;unproductive_iters=300;perturbation_period=100;max_iterations=0;time_limit=on
