instance,method,version,objective,feasible,wall_seconds,gap_to_bks%,dual_bound,note
process,published-bks,minlplib-catalogue,-1161.336602,true,NaN,0.0,-1161.336619,published primal/dual bound; structure=bilinear
process,cbls,cbls@4524460,-1161.17,true,60,0.0140145,NaN,feasible
process,scip,SCIP 10.0.2 / PySCIPOpt 6.2.1 / 60s / seed 0,-1161.3366895778008,true,60.00016442302149,-7.541121203824842e-06,-1161.3381166224408,matches-bks
st_e36,published-bks,minlplib-catalogue,-246.0,true,NaN,0.0,-246.0,published primal/dual bound; structure=mixed-integer
st_e36,cbls,cbls@4524460,-243.857,true,60,0.871235,NaN,feasible
st_e36,scip,SCIP 10.0.2 / PySCIPOpt 6.2.1 / 60s / seed 0,NaN,false,60.000059746031184,NaN,-304.49902433484135,no-solution(timelimit)
ex4_1_1,published-bks,minlplib-catalogue,-7.487312365,true,NaN,0.0,-7.487312372,published primal/dual bound; structure=other
ex4_1_1,cbls,cbls@4524460,-7.48731,true,60,1.30404e-09,NaN,matches-bks
ex4_1_1,scip,SCIP 10.0.2 / PySCIPOpt 6.2.1 / 60s / seed 0,-7.487313096957896,true,0.16880215896526352,-9.775976483810464e-06,-7.487313096957896,matches-bks; proved-optimal
ex8_1_6,published-bks,minlplib-catalogue,-10.0860015,true,NaN,0.0,-10.08600151,published primal/dual bound; structure=polynomial
ex8_1_6,cbls,cbls@4524460,-5.06544,true,60,49.7775,NaN,feasible
ex8_1_6,scip,SCIP 10.0.2 / PySCIPOpt 6.2.1 / 60s / seed 0,-10.08600226349212,true,0.12891863705590367,-7.569819608935091e-06,-10.08600226349212,matches-bks; proved-optimal
alkylation,published-bks,minlplib-catalogue,1768.806964,true,NaN,0.0,1768.807015,published primal/dual bound; structure=bilinear
alkylation,cbls,cbls@4524460,1768.81,true,60,2.29892e-06,NaN,matches-bks
alkylation,scip,SCIP 10.0.2 / PySCIPOpt 6.2.1 / 60s / seed 0,1768.8071311073327,true,60.00030194502324,-9.447460122755018e-06,1871.6163191503247,matches-bks
nvs21,published-bks,minlplib-catalogue,-5.6847825,true,NaN,0.0,-5.6847825,published primal/dual bound; structure=mixed-integer
nvs21,cbls,cbls@4524460,0,true,60.0001,100,NaN,feasible
nvs21,scip,SCIP 10.0.2 / PySCIPOpt 6.2.1 / 60s / seed 0,-5.684782596883448,true,0.03781161399092525,-1.7042595372981577e-06,-5.684782596883448,matches-bks; proved-optimal
ex4_1_2,published-bks,minlplib-catalogue,-663.5000966,true,NaN,0.0,-663.5000973,published primal/dual bound; structure=other
ex4_1_2,cbls,cbls@4524460,-663.493,true,60,0.00104101,NaN,feasible
ex4_1_2,scip,SCIP 10.0.2 / PySCIPOpt 6.2.1 / 60s / seed 0,-663.5000972957905,true,0.5445580100058578,-1.048666771699258e-07,-663.5000972957905,matches-bks; proved-optimal
ex14_2_5,published-bks,minlplib-catalogue,0.0,true,NaN,0.0,0.0,published primal/dual bound; structure=polynomial
ex14_2_5,cbls,cbls@4524460,0,true,60,0,NaN,matches-bks
ex14_2_5,scip,SCIP 10.0.2 / PySCIPOpt 6.2.1 / 60s / seed 0,-9.918514702305669e-09,true,0.018017355992924422,-9.918514702305669e-09,-9.918514702305669e-09,matches-bks; proved-optimal
mathopt5_3,published-bks,minlplib-catalogue,-1.616424928,true,NaN,0.0,-1.616425478,published primal/dual bound; structure=transcendental
mathopt5_3,cbls,cbls@4524460,-1.61642,true,60,-1.80525e-08,NaN,matches-bks
mathopt5_3,scip,SCIP 10.0.2 / PySCIPOpt 6.2.1 / 60s / seed 0,-1.6164253721656376,true,0.11076481099007651,-2.7478271951215406e-05,-1.6164253721656376,matches-bks; proved-optimal
ex8_4_5,published-bks,minlplib-catalogue,0.0003074859878,true,NaN,0.0,0.0003074846867,published primal/dual bound; structure=bilinear
ex8_4_5,cbls,cbls@4524460,0.000308196,true,60.0001,0.231048,NaN,matches-bks
ex8_4_5,scip,SCIP 10.0.2 / PySCIPOpt 6.2.1 / 60s / seed 0,0.00030747588824423227,true,60.00010136101628,-0.0032845580509097876,0.00014867630789431457,matches-bks
nvs01,published-bks,minlplib-catalogue,12.46966882,true,NaN,0.0,12.46966882,published primal/dual bound; structure=mixed-integer
nvs01,cbls,cbls@4524460,12.4697,true,60.0002,1.25762e-08,NaN,matches-bks; stale-analysis-note
nvs01,scip,SCIP 10.0.2 / PySCIPOpt 6.2.1 / 60s / seed 0,12.469668821568206,true,0.10582752601476386,1.2576156944929741e-08,12.469668821568206,matches-bks; proved-optimal
ex4_1_3,published-bks,minlplib-catalogue,-443.6717047,true,NaN,0.0,-443.6717054,published primal/dual bound; structure=other
ex4_1_3,cbls,cbls@4524460,-443.672,true,60,-9.2614e-09,NaN,matches-bks
ex4_1_3,scip,SCIP 10.0.2 / PySCIPOpt 6.2.1 / 60s / seed 0,-443.67170557024656,true,0.2916305729886517,-1.9614650398571515e-07,-443.67170557024656,matches-bks; proved-optimal
ex14_2_4,published-bks,minlplib-catalogue,0.0,true,NaN,0.0,0.0,published primal/dual bound; structure=polynomial
ex14_2_4,cbls,cbls@4524460,0,true,60.0001,0,NaN,matches-bks
ex14_2_4,scip,SCIP 10.0.2 / PySCIPOpt 6.2.1 / 60s / seed 0,-9.716994925976798e-09,true,0.046371981035918,-9.716994925976798e-09,-9.716994925976798e-09,matches-bks; proved-optimal
ex8_1_1,published-bks,minlplib-catalogue,-2.021806783,true,NaN,0.0,-2.021807298,published primal/dual bound; structure=transcendental
ex8_1_1,cbls,cbls@4524460,-2.02181,true,60,-1.77761e-08,NaN,matches-bks
ex8_1_1,scip,SCIP 10.0.2 / PySCIPOpt 6.2.1 / 60s / seed 0,-2.0218069953341287,true,0.06768074398860335,-1.0502196861117096e-05,-2.0218069953341287,matches-bks; proved-optimal
shiporig,published-bks,minlplib-catalogue,5.54091471,true,NaN,0.0,0.0,published primal/dual bound; structure=bilinear
shiporig,cbls,cbls@4524460,5.63179,true,60.0001,1.64007,NaN,feasible
shiporig,scip,SCIP 10.0.2 / PySCIPOpt 6.2.1 / 60s / seed 0,5.540914651904179,true,60.0002372720046,-1.0484879056851671e-06,NaN,matches-bks
nvs08,published-bks,minlplib-catalogue,23.44972735,true,NaN,0.0,23.44972732,published primal/dual bound; structure=mixed-integer
nvs08,cbls,cbls@4524460,23.4497,true,60.0001,-9.64093e-08,NaN,matches-bks
nvs08,scip,SCIP 10.0.2 / PySCIPOpt 6.2.1 / 60s / seed 0,23.449727150909464,true,0.07127023400971666,-8.490100250873748e-07,23.449727150909464,matches-bks; proved-optimal
ex4_1_7,published-bks,minlplib-catalogue,-7.5,true,NaN,0.0,-7.500000007,published primal/dual bound; structure=other
ex4_1_7,cbls,cbls@4524460,-7.5,true,60,0,NaN,matches-bks
ex4_1_7,scip,SCIP 10.0.2 / PySCIPOpt 6.2.1 / 60s / seed 0,-7.500000764521982,true,0.11043495102785528,-1.0193626422960733e-05,-7.500000764521982,matches-bks; proved-optimal
eq6_1,published-bks,minlplib-catalogue,670.6941104,true,NaN,0.0,194.5829099,published primal/dual bound; structure=polynomial
eq6_1,cbls,cbls@4524460,687.65,true,60.0002,2.5281,NaN,feasible
eq6_1,scip,SCIP 10.0.2 / PySCIPOpt 6.2.1 / 60s / seed 0,851.7134791766831,true,60.00012846000027,26.989855132129264,-1.1000000000000001e-09,feasible
minlphi,published-bks,minlplib-catalogue,582.236142,true,NaN,0.0,582.236142,published primal/dual bound; structure=bilinear
minlphi,cbls,cbls@4524460,582.236,true,60.0001,-8.64031e-07,NaN,matches-bks
minlphi,scip,SCIP 10.0.2 / PySCIPOpt 6.2.1 / 60s / seed 0,582.2361404889937,true,0.07191891898401082,-2.595177788172738e-07,582.2361404889937,matches-bks; proved-optimal
gear4,published-bks,minlplib-catalogue,1.643428474,true,NaN,0.0,1.643428474,published primal/dual bound; structure=mixed-integer
gear4,cbls,cbls@4524460,70535.5,true,60,4.29187e+06,NaN,feasible
gear4,scip,SCIP 10.0.2 / PySCIPOpt 6.2.1 / 60s / seed 0,1.6434284739661962,true,0.9909974290058017,-2.056910242458282e-09,1.6434284739661962,matches-bks; proved-optimal
mathopt5_7,published-bks,minlplib-catalogue,-4.436728338,true,NaN,0.0,-4.436728343,published primal/dual bound; structure=other
mathopt5_7,cbls,cbls@4524460,-4.43673,true,60,-1.01207e-08,NaN,matches-bks
mathopt5_7,scip,SCIP 10.0.2 / PySCIPOpt 6.2.1 / 60s / seed 0,-4.436729172356074,true,0.26223273103823885,-1.8805660622999454e-05,-4.436729172356074,matches-bks; proved-optimal
elec25,published-bks,minlplib-catalogue,243.8127603,true,NaN,0.0,90.22758027,published primal/dual bound; structure=polynomial
elec25,cbls,cbls@4524460,NaN,false,60.001,NaN,NaN,infeasible(residual=1; 25 viol; worst row0 ==; obj non-finite here) | bug: Thomson problem: points on the unit sphere; Coulomb objective +inf wherever two coincide. The objective-encoding defects (#100) are fixed and are no longer the blocker; tracked now as #110. What remains is the Float jump: the .nl gives no finite variable bounds; so the box is the +/-1e9 inf-clamp; random init starts ~1e9 out; and driving each variable to 0 is a huge row improvement - which lands the search on the origin; a stationary point of every row x^2+y^2+z^2=1. The Float jump offers one undamped Newton step (x0 - residual/grad) plus lb/ub/midpoint; near the origin that step overshoots wildly and is rejected; and because a candidate was still generated the #107 escape probe is suppressed; so the variable freezes at score 0. Measured: the escape probe fires only at exactly x0=0; at x0=0.001/0.01/0.1 the score is 0 whether it is armed or not. Infeasible at violation ~1 with the objective present AND with it neutralised; so this is not objective-related. Tightening the inf-clamp to 1 makes elec25 feasible at violation 0 post-#100 (pre-#100 it was infeasible at every clamp); because clamping accidentally supplies the missing damping.
elec25,scip,SCIP 10.0.2 / PySCIPOpt 6.2.1 / 60s / seed 0,243.85933535370322,true,60.000320104009006,0.01910279578718502,149.90556433876827,feasible
st_e38,published-bks,minlplib-catalogue,7197.727149,true,NaN,0.0,7197.727149,published primal/dual bound; structure=mixed-integer
st_e38,cbls,cbls@4524460,7197.73,true,60.0001,-6.60847e-09,NaN,matches-bks
st_e38,scip,SCIP 10.0.2 / PySCIPOpt 6.2.1 / 60s / seed 0,7197.7271400834825,true,0.06758303695823997,-1.2387963054282708e-07,7197.7271400834825,matches-bks; proved-optimal
ex8_1_5,published-bks,minlplib-catalogue,-1.031628453,true,NaN,0.0,NaN,published primal/dual bound; structure=other
ex8_1_5,cbls,cbls@4524460,-1.03163,true,60,-4.7456e-08,NaN,matches-bks
ex8_1_5,scip,SCIP 10.0.2 / PySCIPOpt 6.2.1 / 60s / seed 0,-9.989999999995736e-09,true,60.00007272697985,99.99999903162812,-62102060402.82496,feasible
maxmin,published-bks,minlplib-catalogue,-0.3660960077,true,NaN,0.0,-0.8156828567,published primal/dual bound; structure=polynomial
maxmin,cbls,cbls@4524460,-0.366063,true,60.0001,0.00895694,NaN,feasible
maxmin,scip,SCIP 10.0.2 / PySCIPOpt 6.2.1 / 60s / seed 0,-0.35810908121371005,true,60.01155168801779,2.181648069987942,-0.6854996168012307,feasible
nvs02,published-bks,minlplib-catalogue,5.964184523,true,NaN,0.0,5.964184523,published primal/dual bound; structure=mixed-integer
nvs02,cbls,cbls@4524460,5.96418,true,60.0002,1.17367e-09,NaN,matches-bks
nvs02,scip,SCIP 10.0.2 / PySCIPOpt 6.2.1 / 60s / seed 0,5.96418452307,true,0.007882348960265517,1.1736727044892934e-09,5.96418452307,matches-bks; proved-optimal
ex4_1_8,published-bks,minlplib-catalogue,-16.73889318,true,NaN,0.0,-16.7388932,published primal/dual bound; structure=other
ex4_1_8,cbls,cbls@4524460,-16.7389,true,60,4.33823e-07,NaN,matches-bks
ex4_1_8,scip,SCIP 10.0.2 / PySCIPOpt 6.2.1 / 60s / seed 0,-16.73889458866055,true,0.018850562046281993,-8.415493981948948e-06,-16.73889458866055,matches-bks; proved-optimal
ex8_6_1,published-bks,minlplib-catalogue,-28.42253189,true,NaN,0.0,NaN,published primal/dual bound; structure=polynomial
ex8_6_1,cbls,cbls@4524460,-21.6277,true,60.0001,23.9064,NaN,feasible
ex8_6_1,scip,SCIP 10.0.2 / PySCIPOpt 6.2.1 / 60s / seed 0,-0.11975735383225984,true,60.000399163982365,99.57865346304918,NaN,feasible
nvs14,published-bks,minlplib-catalogue,-40358.15477,true,NaN,0.0,-40358.15477,published primal/dual bound; structure=mixed-integer
nvs14,cbls,cbls@4524460,-40358.2,true,60,1.73446e-09,NaN,matches-bks
nvs14,scip,SCIP 10.0.2 / PySCIPOpt 6.2.1 / 60s / seed 0,-40358.1547693,true,0.007888425956480205,1.7344649629722028e-09,-40358.1547693,matches-bks; proved-optimal
st_e01,published-bks,minlplib-catalogue,-6.666666667,true,NaN,0.0,-6.666666667,published primal/dual bound; structure=other
st_e01,cbls,cbls@4524460,-6.66667,true,60,5e-09,NaN,matches-bks
st_e01,scip,SCIP 10.0.2 / PySCIPOpt 6.2.1 / 60s / seed 0,-6.666666726646705,true,0.007183307956438512,-8.947005669220978e-07,-6.666666726646705,matches-bks; proved-optimal
chain50,published-bks,minlplib-catalogue,5.072261494,true,NaN,0.0,-37.10261783,published primal/dual bound; structure=polynomial
chain50,cbls,cbls@4524460,6.06057,true,60.0002,19.4847,NaN,feasible
chain50,scip,SCIP 10.0.2 / PySCIPOpt 6.2.1 / 60s / seed 0,5.072261483851801,true,60.00061197101604,-2.0007246743499998e-07,-103.44044293806556,matches-bks
st_e40,published-bks,minlplib-catalogue,30.4142135,true,NaN,0.0,30.41421347,published primal/dual bound; structure=mixed-integer
st_e40,cbls,cbls@4524460,30.8284,true,60.0001,1.36191,NaN,feasible; stale-analysis-note
st_e40,scip,SCIP 10.0.2 / PySCIPOpt 6.2.1 / 60s / seed 0,30.4142135,true,0.21742156095569953,0.0,30.4142135,matches-bks; proved-optimal
st_e09,published-bks,minlplib-catalogue,-0.5000000001,true,NaN,0.0,-0.500000001,published primal/dual bound; structure=other
st_e09,cbls,cbls@4524460,-0.5,true,60,2e-08,NaN,matches-bks
st_e09,scip,SCIP 10.0.2 / PySCIPOpt 6.2.1 / 60s / seed 0,-0.500000017475218,true,0.012903094000648707,-3.4750436077302014e-06,-0.500000017475218,matches-bks; proved-optimal
elec50,published-bks,minlplib-catalogue,1055.182315,true,NaN,0.0,359.0296983,published primal/dual bound; structure=polynomial
elec50,cbls,cbls@4524460,NaN,false,60.002,NaN,NaN,infeasible(residual=1; 50 viol; worst row0 ==; obj non-finite here) | bug: Same mechanism as elec25; at 50 points; see #110.
elec50,scip,SCIP 10.0.2 / PySCIPOpt 6.2.1 / 60s / seed 0,1422.3265266110725,true,60.0035130350152,34.79438637209082,567.9879185502193,feasible
nvs05,published-bks,minlplib-catalogue,5.470934108,true,NaN,0.0,5.470934108,published primal/dual bound; structure=mixed-integer
nvs05,cbls,cbls@4524460,86.595,true,60.0002,1482.82,NaN,feasible
nvs05,scip,SCIP 10.0.2 / PySCIPOpt 6.2.1 / 60s / seed 0,5.470934074399028,true,0.6673408169881441,-6.141724816900749e-07,5.470934074399028,matches-bks; proved-optimal
ex4_1_9,published-bks,minlplib-catalogue,-5.508013271,true,NaN,0.0,-5.508013385,published primal/dual bound; structure=other
ex4_1_9,cbls,cbls@4524460,-5.50779,true,60,0.00401235,NaN,feasible
ex4_1_9,scip,SCIP 10.0.2 / PySCIPOpt 6.2.1 / 60s / seed 0,-5.5080135337904625,true,0.1384437219821848,-4.771057173435744e-06,-5.5080135337904625,matches-bks; proved-optimal
kall_ellipsoids_tc02b,published-bks,minlplib-catalogue,32.4,true,NaN,0.0,22.5,published primal/dual bound; structure=polynomial
kall_ellipsoids_tc02b,cbls,cbls@4524460,44.4759,true,60.0001,37.2713,NaN,feasible
kall_ellipsoids_tc02b,scip,SCIP 10.0.2 / PySCIPOpt 6.2.1 / 60s / seed 0,36.60773052945233,true,60.001158548053354,12.986822621766464,22.499999953999996,feasible
nvs22,published-bks,minlplib-catalogue,6.05822,true,NaN,0.0,6.05822,published primal/dual bound; structure=mixed-integer
nvs22,cbls,cbls@4524460,13.4562,true,60.0001,122.115,NaN,feasible
nvs22,scip,SCIP 10.0.2 / PySCIPOpt 6.2.1 / 60s / seed 0,6.05822,true,0.4505034080357291,0.0,6.05822,matches-bks; proved-optimal
mathopt1,published-bks,minlplib-catalogue,3.289428863e-18,true,NaN,0.0,0.0,published primal/dual bound; structure=other
mathopt1,cbls,cbls@4524460,2.11048e-15,true,60,2.10719e-15,NaN,matches-bks
mathopt1,scip,SCIP 10.0.2 / PySCIPOpt 6.2.1 / 60s / seed 0,-3.058676014688899e-07,true,0.11768872896209359,-3.0586760147217937e-07,-3.058676014688899e-07,matches-bks; proved-optimal
least,published-bks,minlplib-catalogue,0.0,true,NaN,0.0,0.0,published primal/dual bound; structure=transcendental
least,cbls,cbls@4524460,14086.1,true,60,14086.1,NaN,feasible
least,scip,SCIP 10.0.2 / PySCIPOpt 6.2.1 / 60s / seed 0,15545.763127200415,true,60.00044064997928,15545.763127200415,NaN,feasible
tln2,published-bks,minlplib-catalogue,5.3,true,NaN,0.0,5.3,published primal/dual bound; structure=mixed-integer
tln2,cbls,cbls@4524460,5.3,true,60,0,NaN,matches-bks
tln2,scip,SCIP 10.0.2 / PySCIPOpt 6.2.1 / 60s / seed 0,5.3,true,0.022423708986025304,0.0,5.3,matches-bks; proved-optimal
prob06,published-bks,minlplib-catalogue,1.177124344,true,NaN,0.0,1.177124338,published primal/dual bound; structure=other
prob06,cbls,cbls@4524460,1.17712,true,60,-6.48556e-05,NaN,matches-bks
prob06,scip,SCIP 10.0.2 / PySCIPOpt 6.2.1 / 60s / seed 0,1.177124271377073,true,0.007992699043825269,-6.169520439837537e-06,1.177124271377073,matches-bks; proved-optimal
ex6_2_11,published-bks,minlplib-catalogue,-2.672407762e-06,true,NaN,0.0,-4.770901108e-06,published primal/dual bound; structure=transcendental
ex6_2_11,cbls,cbls@4524460,-2.67035e-06,true,60,0.0770944,NaN,matches-bks
ex6_2_11,scip,SCIP 10.0.2 / PySCIPOpt 6.2.1 / 60s / seed 0,-2.682399686341432e-06,true,60.00010101200314,-0.37389220625351693,-0.02124105934895415,matches-bks
spring,published-bks,minlplib-catalogue,0.8462441005,true,NaN,0.0,0.8462456656,published primal/dual bound; structure=mixed-integer
spring,cbls,cbls@4524460,0.846246,true,60.0001,0.00026142,NaN,feasible
spring,scip,SCIP 10.0.2 / PySCIPOpt 6.2.1 / 60s / seed 0,0.8462455059847749,true,0.3323525399900973,0.0001660850307926927,0.8462455059847749,matches-bks; proved-optimal
prob09,published-bks,minlplib-catalogue,-1.002562255e-13,true,NaN,0.0,-1.002562255e-13,published primal/dual bound; structure=other
prob09,cbls,cbls@4524460,-3.33954e-10,true,60,-3.33853e-10,NaN,matches-bks
prob09,scip,SCIP 10.0.2 / PySCIPOpt 6.2.1 / 60s / seed 0,-9.182624580716947e-07,true,3.628833328024484,-9.182623578154692e-07,-9.182624580716947e-07,matches-bks; proved-optimal
ex6_2_6,published-bks,minlplib-catalogue,-2.602527073e-06,true,NaN,0.0,-3.497831223e-06,published primal/dual bound; structure=transcendental
ex6_2_6,cbls,cbls@4524460,-2.60253e-06,true,60.0001,-5.77614e-05,NaN,matches-bks
ex6_2_6,scip,SCIP 10.0.2 / PySCIPOpt 6.2.1 / 60s / seed 0,-3.511741562250939e-06,true,24.947013285011053,-34.935832125767824,-3.511741562250939e-06,matches-bks; proved-optimal
windfac,published-bks,minlplib-catalogue,0.2544872983,true,NaN,0.0,0.2544872983,published primal/dual bound; structure=mixed-integer
windfac,cbls,cbls@4524460,0.254487,true,60.0001,1.40608e-08,NaN,matches-bks
windfac,scip,SCIP 10.0.2 / PySCIPOpt 6.2.1 / 60s / seed 0,0.25448729562609335,true,0.1267140990239568,-1.0507033826494267e-06,0.25448729562609335,matches-bks; proved-optimal
st_e08,published-bks,minlplib-catalogue,0.7417819582,true,NaN,0.0,0.7417819554,published primal/dual bound; structure=other
st_e08,cbls,cbls@4524460,0.74179,true,60,0.00102419,NaN,feasible
st_e08,scip,SCIP 10.0.2 / PySCIPOpt 6.2.1 / 60s / seed 0,0.7417819545835109,true,0.013687970000319183,-4.875407211248702e-07,0.7417819545835109,matches-bks; proved-optimal
ex6_2_8,published-bks,minlplib-catalogue,-0.02700634884,true,NaN,0.0,-0.02700791474,published primal/dual bound; structure=transcendental
ex6_2_8,cbls,cbls@4524460,-0.0270063,true,60.0001,0.000126513,NaN,matches-bks
ex6_2_8,scip,SCIP 10.0.2 / PySCIPOpt 6.2.1 / 60s / seed 0,-0.027007299595061,true,16.70571549196029,-0.003520487225548989,-0.027007299595061,matches-bks; proved-optimal
eg_all_s,published-bks,minlplib-catalogue,7.657752093,true,NaN,0.0,0.0,published primal/dual bound; structure=mixed-integer
eg_all_s,cbls,cbls@4524460,14.4191,true,60.025,88.2948,NaN,feasible
eg_all_s,scip,SCIP 10.0.2 / PySCIPOpt 6.2.1 / 60s / seed 0,185.6317099599526,true,60.04504893103149,2324.1018474552043,-2.2631597893052287,feasible
