seed,instance,objective,primal_bks,dual_bound,gap_to_bks%,gap_to_dual%,wall_seconds,feasible,note,commit_sha,max_violation,n_int_vars,lns_repairs,lns_repairs_accepted,first_feasible_objective,time_to_first_feasible,search_config
1,process,-1161.17,-1161.34,-1161.34,0.0140145,0.0140159,60,true,feasible,4524460,5.60666e-07,0,60,1,0.85148890892799045,0.000410945,float_hook=on;lns=on;lns_interval=3;compound_moves=off;novelty_prob=0.5;unproductive_iters=300;perturbation_period=100;max_iterations=0;time_limit=on
1,st_e36,-243.857,-246,-246,0.871235,0.871235,60,true,feasible,4524460,0,1,10,0,-147.00000000000003,5.5244e-05,float_hook=on;lns=on;lns_interval=3;compound_moves=off;novelty_prob=0.5;unproductive_iters=300;perturbation_period=100;max_iterations=0;time_limit=on
1,ex4_1_1,-7.48731,-7.48731,-7.48731,1.30404e-09,9.47955e-08,60,true,matches-bks,4524460,0,0,79,0,0.10000000000000001,1.1803e-05,float_hook=on;lns=on;lns_interval=3;compound_moves=off;novelty_prob=0.5;unproductive_iters=300;perturbation_period=100;max_iterations=0;time_limit=on
1,ex8_1_6,-5.06544,-10.086,-10.086,49.7775,49.7775,60,true,feasible,4524460,0,0,32,0,-0.49349841453301291,1.2501e-05,float_hook=on;lns=on;lns_interval=3;compound_moves=off;novelty_prob=0.5;unproductive_iters=300;perturbation_period=100;max_iterations=0;time_limit=on
1,alkylation,1768.81,1768.81,1768.81,2.29892e-06,5.18222e-06,60,true,matches-bks,4524460,6.33975e-10,0,54,0,7.6578674903745897e-06,0.00322387,float_hook=on;lns=on;lns_interval=3;compound_moves=off;novelty_prob=0.5;unproductive_iters=300;perturbation_period=100;max_iterations=0;time_limit=on
1,nvs21,0,-5.68478,-5.68478,100,100,60.0001,true,feasible,4524460,0,2,1,0,0,1.2572e-05,float_hook=on;lns=on;lns_interval=3;compound_moves=off;novelty_prob=0.5;unproductive_iters=300;perturbation_period=100;max_iterations=0;time_limit=on
1,ex4_1_2,-663.493,-663.5,-663.5,0.00104101,0.00104112,60,true,feasible,4524460,0,0,12,0,-539.95734098699972,1.32e-05,float_hook=on;lns=on;lns_interval=3;compound_moves=off;novelty_prob=0.5;unproductive_iters=300;perturbation_period=100;max_iterations=0;time_limit=on
1,ex14_2_5,0,0,0,0,0,60,true,matches-bks,4524460,6.36994e-10,0,183,83,0.66298817112216568,9.7009e-05,float_hook=on;lns=on;lns_interval=3;compound_moves=off;novelty_prob=0.5;unproductive_iters=300;perturbation_period=100;max_iterations=0;time_limit=on
1,mathopt5_3,-1.61642,-1.61642,-1.61643,-1.80525e-08,3.40076e-05,60,true,matches-bks,4524460,0,0,115,0,0,1.299e-05,float_hook=on;lns=on;lns_interval=3;compound_moves=off;novelty_prob=0.5;unproductive_iters=300;perturbation_period=100;max_iterations=0;time_limit=on
1,ex8_4_5,0.000308196,0.000307486,0.000307485,0.231048,0.231472,60.0001,true,matches-bks,4524460,0,0,7,1,0.0023250655556214727,0.699814,float_hook=on;lns=on;lns_interval=3;compound_moves=off;novelty_prob=0.5;unproductive_iters=300;perturbation_period=100;max_iterations=0;time_limit=on
1,nvs01,12.4697,12.4697,12.4697,1.25762e-08,1.25762e-08,60.0002,true,matches-bks; stale-analysis-note,4524460,1.81899e-12,2,1,1,16.493347500000002,1.54756,float_hook=on;lns=on;lns_interval=3;compound_moves=off;novelty_prob=0.5;unproductive_iters=300;perturbation_period=100;max_iterations=0;time_limit=on
1,ex4_1_3,-443.672,-443.672,-443.672,-9.2614e-09,1.48513e-07,60,true,matches-bks,4524460,0,0,100,0,0,1.1803e-05,float_hook=on;lns=on;lns_interval=3;compound_moves=off;novelty_prob=0.5;unproductive_iters=300;perturbation_period=100;max_iterations=0;time_limit=on
1,ex14_2_4,0,0,0,0,0,60.0001,true,matches-bks,4524460,7.99393e-10,0,104,55,1.455459654958279,0.000288584,float_hook=on;lns=on;lns_interval=3;compound_moves=off;novelty_prob=0.5;unproductive_iters=300;perturbation_period=100;max_iterations=0;time_limit=on
1,ex8_1_1,-2.02181,-2.02181,-2.02181,-1.77761e-08,2.54545e-05,60,true,matches-bks,4524460,0,0,70,0,0,1.1873e-05,float_hook=on;lns=on;lns_interval=3;compound_moves=off;novelty_prob=0.5;unproductive_iters=300;perturbation_period=100;max_iterations=0;time_limit=on
1,shiporig,5.63179,5.54091,0,1.64007,5.63179,60.0001,true,feasible,4524460,7.10543e-15,0,5,0,53.66394365763648,0.000616767,float_hook=on;lns=on;lns_interval=3;compound_moves=off;novelty_prob=0.5;unproductive_iters=300;perturbation_period=100;max_iterations=0;time_limit=on
1,nvs08,23.4497,23.4497,23.4497,-9.64093e-08,3.1524e-08,60.0001,true,matches-bks,4524460,6.04645e-08,2,1,1,10829.104000250001,0.000383218,float_hook=on;lns=on;lns_interval=3;compound_moves=off;novelty_prob=0.5;unproductive_iters=300;perturbation_period=100;max_iterations=0;time_limit=on
1,ex4_1_7,-7.5,-7.5,-7.5,0,9.33333e-08,60,true,matches-bks,4524460,0,0,113,0,0,1.1524e-05,float_hook=on;lns=on;lns_interval=3;compound_moves=off;novelty_prob=0.5;unproductive_iters=300;perturbation_period=100;max_iterations=0;time_limit=on
1,eq6_1,687.65,670.694,194.583,2.5281,253.397,60.0002,true,feasible,4524460,0,0,0,0,1016.2762272054189,0.0255084,float_hook=on;lns=on;lns_interval=3;compound_moves=off;novelty_prob=0.5;unproductive_iters=300;perturbation_period=100;max_iterations=0;time_limit=on
1,minlphi,582.236,582.236,582.236,-8.64031e-07,-8.64031e-07,60.0001,true,matches-bks,4524460,3.19127e-07,0,17,0,582.23614204304033,0.00041318,float_hook=on;lns=on;lns_interval=3;compound_moves=off;novelty_prob=0.5;unproductive_iters=300;perturbation_period=100;max_iterations=0;time_limit=on
1,gear4,70535.5,1.64343,1.64343,4.29187e+06,4.29187e+06,60,true,feasible,4524460,0,4,10,2,855720.67522723996,7.6336e-05,float_hook=on;lns=on;lns_interval=3;compound_moves=off;novelty_prob=0.5;unproductive_iters=300;perturbation_period=100;max_iterations=0;time_limit=on
1,mathopt5_7,-4.43673,-4.43673,-4.43673,-1.01207e-08,1.02575e-07,60,true,matches-bks,4524460,0,0,86,0,0,1.348e-05,float_hook=on;lns=on;lns_interval=3;compound_moves=off;novelty_prob=0.5;unproductive_iters=300;perturbation_period=100;max_iterations=0;time_limit=on
1,elec25,NaN,243.813,90.2276,NaN,NaN,60.001,false,infeasible(residual=1; 25 viol; worst row0 ==; obj non-finite here) | bug: Thomson problem: points on the unit sphere; Coulomb objective +inf wherever two coincide. The objective-encoding defects (#100) are fixed and are no longer the blocker; tracked now as #110. What remains is the Float jump: the .nl gives no finite variable bounds; so the box is the +/-1e9 inf-clamp; random init starts ~1e9 out; and driving each variable to 0 is a huge row improvement - which lands the search on the origin; a stationary point of every row x^2+y^2+z^2=1. The Float jump offers one undamped Newton step (x0 - residual/grad) plus lb/ub/midpoint; near the origin that step overshoots wildly and is rejected; and because a candidate was still generated the #107 escape probe is suppressed; so the variable freezes at score 0. Measured: the escape probe fires only at exactly x0=0; at x0=0.001/0.01/0.1 the score is 0 whether it is armed or not. Infeasible at violation ~1 with the objective present AND with it neutralised; so this is not objective-related. Tightening the inf-clamp to 1 makes elec25 feasible at violation 0 post-#100 (pre-#100 it was infeasible at every clamp); because clamping accidentally supplies the missing damping.,4524460,0.9997,0,22,0,NaN,NaN,float_hook=on;lns=on;lns_interval=3;compound_moves=off;novelty_prob=0.5;unproductive_iters=300;perturbation_period=100;max_iterations=0;time_limit=on
1,st_e38,7197.73,7197.73,7197.73,-6.60847e-09,-6.60847e-09,60.0001,true,matches-bks,4524460,0,2,9,1,12897.056161924904,0.000194438,float_hook=on;lns=on;lns_interval=3;compound_moves=off;novelty_prob=0.5;unproductive_iters=300;perturbation_period=100;max_iterations=0;time_limit=on
1,ex8_1_5,-1.03163,-1.03163,NaN,-4.7456e-08,NaN,60,true,matches-bks,4524460,0,0,40,0,0,1.4596e-05,float_hook=on;lns=on;lns_interval=3;compound_moves=off;novelty_prob=0.5;unproductive_iters=300;perturbation_period=100;max_iterations=0;time_limit=on
1,maxmin,-0.366063,-0.366096,-0.815683,0.00895694,55.1219,60.0001,true,feasible,4524460,5.7507e-07,0,3,0,0,4.2603e-05,float_hook=on;lns=on;lns_interval=3;compound_moves=off;novelty_prob=0.5;unproductive_iters=300;perturbation_period=100;max_iterations=0;time_limit=on
1,nvs02,5.96418,5.96418,5.96418,1.17367e-09,1.17367e-09,60.0002,true,matches-bks,4524460,0,5,0,0,8.2546674073199977,0.00283115,float_hook=on;lns=on;lns_interval=3;compound_moves=off;novelty_prob=0.5;unproductive_iters=300;perturbation_period=100;max_iterations=0;time_limit=on
1,ex4_1_8,-16.7389,-16.7389,-16.7389,4.33823e-07,5.53305e-07,60,true,matches-bks,4524460,0,0,133,0,-12,2.7099e-05,float_hook=on;lns=on;lns_interval=3;compound_moves=off;novelty_prob=0.5;unproductive_iters=300;perturbation_period=100;max_iterations=0;time_limit=on
1,ex8_6_1,-21.6277,-28.4225,NaN,23.9064,NaN,60.0001,true,feasible,4524460,3.56973e-10,0,0,0,-0.017527879181238718,0.00264363,float_hook=on;lns=on;lns_interval=3;compound_moves=off;novelty_prob=0.5;unproductive_iters=300;perturbation_period=100;max_iterations=0;time_limit=on
1,nvs14,-40358.2,-40358.2,-40358.2,1.73446e-09,1.73446e-09,60,true,matches-bks,4524460,1.77636e-15,5,0,0,-17453.325926800004,0.00284463,float_hook=on;lns=on;lns_interval=3;compound_moves=off;novelty_prob=0.5;unproductive_iters=300;perturbation_period=100;max_iterations=0;time_limit=on
1,st_e01,-6.66667,-6.66667,-6.66667,5e-09,5e-09,60,true,matches-bks,4524460,0,0,140,0,0,1.32e-05,float_hook=on;lns=on;lns_interval=3;compound_moves=off;novelty_prob=0.5;unproductive_iters=300;perturbation_period=100;max_iterations=0;time_limit=on
1,chain50,6.06057,5.07226,-37.1026,19.4847,116.335,60.0002,true,feasible,4524460,7.59497e-08,0,0,0,8.0622149299903114,2.0264,float_hook=on;lns=on;lns_interval=3;compound_moves=off;novelty_prob=0.5;unproductive_iters=300;perturbation_period=100;max_iterations=0;time_limit=on
1,st_e40,30.8284,30.4142,30.4142,1.36191,1.36191,60.0001,true,feasible; stale-analysis-note,4524460,0,3,22,0,38.2426405,1.1685,float_hook=on;lns=on;lns_interval=3;compound_moves=off;novelty_prob=0.5;unproductive_iters=300;perturbation_period=100;max_iterations=0;time_limit=on
1,st_e09,-0.5,-0.5,-0.5,2e-08,2e-07,60,true,matches-bks,4524460,0,0,73,0,0,1.1175e-05,float_hook=on;lns=on;lns_interval=3;compound_moves=off;novelty_prob=0.5;unproductive_iters=300;perturbation_period=100;max_iterations=0;time_limit=on
1,elec50,NaN,1055.18,359.03,NaN,NaN,60.002,false,infeasible(residual=1; 50 viol; worst row0 ==; obj non-finite here) | bug: Same mechanism as elec25; at 50 points; see #110.,4524460,0.9997,0,13,0,NaN,NaN,float_hook=on;lns=on;lns_interval=3;compound_moves=off;novelty_prob=0.5;unproductive_iters=300;perturbation_period=100;max_iterations=0;time_limit=on
1,nvs05,86.595,5.47093,5.47093,1482.82,1482.82,60.0002,true,feasible,4524460,0,2,0,0,4420157.8981099995,0.00335335,float_hook=on;lns=on;lns_interval=3;compound_moves=off;novelty_prob=0.5;unproductive_iters=300;perturbation_period=100;max_iterations=0;time_limit=on
1,ex4_1_9,-5.50779,-5.50801,-5.50801,0.00401235,0.00401442,60,true,feasible,4524460,0,0,41,0,0,1.3759e-05,float_hook=on;lns=on;lns_interval=3;compound_moves=off;novelty_prob=0.5;unproductive_iters=300;perturbation_period=100;max_iterations=0;time_limit=on
1,kall_ellipsoids_tc02b,44.4759,32.4,22.5,37.2713,97.6706,60.0001,true,feasible,4524460,8.7777e-08,0,9,0,75.883951662540241,0.168093,float_hook=on;lns=on;lns_interval=3;compound_moves=off;novelty_prob=0.5;unproductive_iters=300;perturbation_period=100;max_iterations=0;time_limit=on
1,nvs22,13.4562,6.05822,6.05822,122.115,122.115,60.0001,true,feasible,4524460,0,4,0,0,212.71986000000001,0.0171097,float_hook=on;lns=on;lns_interval=3;compound_moves=off;novelty_prob=0.5;unproductive_iters=300;perturbation_period=100;max_iterations=0;time_limit=on
1,mathopt1,2.11048e-15,3.28943e-18,0,2.10719e-15,2.11048e-15,60,true,matches-bks,4524460,9.18799e-08,0,39,19,1,1.2781e-05,float_hook=on;lns=on;lns_interval=3;compound_moves=off;novelty_prob=0.5;unproductive_iters=300;perturbation_period=100;max_iterations=0;time_limit=on
1,least,14086.1,0,0,14086.1,14086.1,60,true,feasible,4524460,0,0,11,3,752888,1.2292e-05,float_hook=on;lns=on;lns_interval=3;compound_moves=off;novelty_prob=0.5;unproductive_iters=300;perturbation_period=100;max_iterations=0;time_limit=on
1,tln2,5.3,5.3,5.3,0,0,60,true,matches-bks,4524460,0,8,10,0,5.2999999999999998,0.000190596,float_hook=on;lns=on;lns_interval=3;compound_moves=off;novelty_prob=0.5;unproductive_iters=300;perturbation_period=100;max_iterations=0;time_limit=on
1,prob06,1.17712,1.17712,1.17712,-6.48556e-05,-6.43459e-05,60,true,matches-bks,4524460,1.58391e-07,0,90,0,3.25,4.6165e-05,float_hook=on;lns=on;lns_interval=3;compound_moves=off;novelty_prob=0.5;unproductive_iters=300;perturbation_period=100;max_iterations=0;time_limit=on
1,ex6_2_11,-2.67035e-06,-2.67241e-06,-4.7709e-06,0.0770944,44.0284,60,true,matches-bks,4524460,0,0,7,1,0.0050045608779482366,5.301e-05,float_hook=on;lns=on;lns_interval=3;compound_moves=off;novelty_prob=0.5;unproductive_iters=300;perturbation_period=100;max_iterations=0;time_limit=on
1,spring,0.846246,0.846244,0.846246,0.00026142,7.64731e-05,60.0001,true,feasible,4524460,0,12,8,0,1.2719486640533255,0.38092,float_hook=on;lns=on;lns_interval=3;compound_moves=off;novelty_prob=0.5;unproductive_iters=300;perturbation_period=100;max_iterations=0;time_limit=on
1,prob09,-3.33954e-10,-1.00256e-13,-1.00256e-13,-3.33853e-10,-3.33853e-10,60,true,matches-bks,4524460,3.34422e-10,0,68,12,1,3.101e-05,float_hook=on;lns=on;lns_interval=3;compound_moves=off;novelty_prob=0.5;unproductive_iters=300;perturbation_period=100;max_iterations=0;time_limit=on
1,ex6_2_6,-2.60253e-06,-2.60253e-06,-3.49783e-06,-5.77614e-05,25.5959,60.0001,true,matches-bks,4524460,7.8908e-07,0,4,3,1.2952063104449345,5.8248e-05,float_hook=on;lns=on;lns_interval=3;compound_moves=off;novelty_prob=0.5;unproductive_iters=300;perturbation_period=100;max_iterations=0;time_limit=on
1,windfac,0.254487,0.254487,0.254487,1.40608e-08,1.40608e-08,60.0001,true,matches-bks,4524460,0,3,16,0,0.74999999940791739,0.000968626,float_hook=on;lns=on;lns_interval=3;compound_moves=off;novelty_prob=0.5;unproductive_iters=300;perturbation_period=100;max_iterations=0;time_limit=on
1,st_e08,0.74179,0.741782,0.741782,0.00102419,0.00102457,60,true,feasible,4524460,0,0,100,0,1.125,3.4292e-05,float_hook=on;lns=on;lns_interval=3;compound_moves=off;novelty_prob=0.5;unproductive_iters=300;perturbation_period=100;max_iterations=0;time_limit=on
1,ex6_2_8,-0.0270063,-0.0270063,-0.0270079,0.000126513,0.00592444,60.0001,true,matches-bks,4524460,0,0,6,0,0.56340272686309767,5.8945e-05,float_hook=on;lns=on;lns_interval=3;compound_moves=off;novelty_prob=0.5;unproductive_iters=300;perturbation_period=100;max_iterations=0;time_limit=on
1,eg_all_s,14.4191,7.65775,0,88.2948,14.4191,60.025,true,feasible,4524460,0,7,0,0,1000000000,5.53106,float_hook=on;lns=on;lns_interval=3;compound_moves=off;novelty_prob=0.5;unproductive_iters=300;perturbation_period=100;max_iterations=0;time_limit=on
2,process,-1161.15,-1161.34,-1161.34,0.0163372,0.0163387,60,true,feasible,4524460,3.81988e-11,0,63,1,0.85148890892799045,0.000437136,float_hook=on;lns=on;lns_interval=3;compound_moves=off;novelty_prob=0.5;unproductive_iters=300;perturbation_period=100;max_iterations=0;time_limit=on
2,st_e36,-243.857,-246,-246,0.871235,0.871235,60,true,feasible,4524460,1.47831e-11,1,10,2,-147.00000000000003,5.9295e-05,float_hook=on;lns=on;lns_interval=3;compound_moves=off;novelty_prob=0.5;unproductive_iters=300;perturbation_period=100;max_iterations=0;time_limit=on
2,ex4_1_1,-7.48731,-7.48731,-7.48731,1.30403e-09,9.47955e-08,60,true,matches-bks,4524460,0,0,64,1,0.10000000000000001,1.4108e-05,float_hook=on;lns=on;lns_interval=3;compound_moves=off;novelty_prob=0.5;unproductive_iters=300;perturbation_period=100;max_iterations=0;time_limit=on
2,ex8_1_6,-5.06544,-10.086,-10.086,49.7775,49.7775,60,true,feasible,4524460,0,0,32,0,-0.49349841453301291,1.1035e-05,float_hook=on;lns=on;lns_interval=3;compound_moves=off;novelty_prob=0.5;unproductive_iters=300;perturbation_period=100;max_iterations=0;time_limit=on
2,alkylation,1768.8,1768.81,1768.81,0.000319556,0.00032244,60,true,feasible,4524460,4.81691e-10,0,56,0,9.1211192621002324e-06,0.0694929,float_hook=on;lns=on;lns_interval=3;compound_moves=off;novelty_prob=0.5;unproductive_iters=300;perturbation_period=100;max_iterations=0;time_limit=on
2,nvs21,0,-5.68478,-5.68478,100,100,60.0002,true,feasible,4524460,0,2,1,0,0,1.1942e-05,float_hook=on;lns=on;lns_interval=3;compound_moves=off;novelty_prob=0.5;unproductive_iters=300;perturbation_period=100;max_iterations=0;time_limit=on
2,ex4_1_2,-663.5,-663.5,-663.5,8.33327e-05,8.34382e-05,60.0001,true,matches-bks,4524460,0,0,12,0,-539.95734098699972,1.327e-05,float_hook=on;lns=on;lns_interval=3;compound_moves=off;novelty_prob=0.5;unproductive_iters=300;perturbation_period=100;max_iterations=0;time_limit=on
2,ex14_2_5,0,0,0,0,0,60,true,matches-bks,4524460,7.7304e-10,0,181,50,0.66298817112216568,9.4495e-05,float_hook=on;lns=on;lns_interval=3;compound_moves=off;novelty_prob=0.5;unproductive_iters=300;perturbation_period=100;max_iterations=0;time_limit=on
2,mathopt5_3,-1.61642,-1.61642,-1.61643,-1.80525e-08,3.40076e-05,60,true,matches-bks,4524460,0,0,115,0,0,1.0965e-05,float_hook=on;lns=on;lns_interval=3;compound_moves=off;novelty_prob=0.5;unproductive_iters=300;perturbation_period=100;max_iterations=0;time_limit=on
2,ex8_4_5,0.000307639,0.000307486,0.000307485,0.0496848,0.0501081,60,true,matches-bks,4524460,0,0,4,3,0.0026569325853336634,0.3614,float_hook=on;lns=on;lns_interval=3;compound_moves=off;novelty_prob=0.5;unproductive_iters=300;perturbation_period=100;max_iterations=0;time_limit=on
2,nvs01,45.6392,12.4697,12.4697,266.002,266.002,60.0002,true,feasible; stale-analysis-note,4524460,0,2,1,0,186.8356715670125,1.44782,float_hook=on;lns=on;lns_interval=3;compound_moves=off;novelty_prob=0.5;unproductive_iters=300;perturbation_period=100;max_iterations=0;time_limit=on
2,ex4_1_3,-443.672,-443.672,-443.672,-9.2614e-09,1.48513e-07,60,true,matches-bks,4524460,0,0,100,0,0,1.1942e-05,float_hook=on;lns=on;lns_interval=3;compound_moves=off;novelty_prob=0.5;unproductive_iters=300;perturbation_period=100;max_iterations=0;time_limit=on
2,ex14_2_4,0,0,0,0,0,60.0001,true,matches-bks,4524460,6.4818e-10,0,92,16,1.8517239597668258,0.000245771,float_hook=on;lns=on;lns_interval=3;compound_moves=off;novelty_prob=0.5;unproductive_iters=300;perturbation_period=100;max_iterations=0;time_limit=on
2,ex8_1_1,-2.02181,-2.02181,-2.02181,-1.77629e-08,2.54545e-05,60,true,matches-bks,4524460,0,0,83,0,0,1.4388e-05,float_hook=on;lns=on;lns_interval=3;compound_moves=off;novelty_prob=0.5;unproductive_iters=300;perturbation_period=100;max_iterations=0;time_limit=on
2,shiporig,5.70587,5.54091,0,2.97706,5.70587,60,true,feasible,4524460,7.10543e-15,0,4,0,52.16833519293786,0.000396488,float_hook=on;lns=on;lns_interval=3;compound_moves=off;novelty_prob=0.5;unproductive_iters=300;perturbation_period=100;max_iterations=0;time_limit=on
2,nvs08,23.828,23.4497,23.4497,1.61303,1.61303,60.0001,true,feasible,4524460,9.06721e-07,2,1,1,10829.104000250001,0.000372951,float_hook=on;lns=on;lns_interval=3;compound_moves=off;novelty_prob=0.5;unproductive_iters=300;perturbation_period=100;max_iterations=0;time_limit=on
2,ex4_1_7,-7.5,-7.5,-7.5,0,9.33333e-08,60,true,matches-bks,4524460,0,0,113,0,0,1.1384e-05,float_hook=on;lns=on;lns_interval=3;compound_moves=off;novelty_prob=0.5;unproductive_iters=300;perturbation_period=100;max_iterations=0;time_limit=on
2,eq6_1,687.461,670.694,194.583,2.5,253.3,60.0001,true,feasible,4524460,1.28475e-11,0,0,0,1199.8628850732923,0.0070543,float_hook=on;lns=on;lns_interval=3;compound_moves=off;novelty_prob=0.5;unproductive_iters=300;perturbation_period=100;max_iterations=0;time_limit=on
2,minlphi,582.236,582.236,582.236,-7.93754e-07,-7.93754e-07,60.0001,true,matches-bks,4524460,2.93391e-07,0,17,0,582.23614204304056,0.000683955,float_hook=on;lns=on;lns_interval=3;compound_moves=off;novelty_prob=0.5;unproductive_iters=300;perturbation_period=100;max_iterations=0;time_limit=on
2,gear4,155721,1.64343,1.64343,9.47525e+06,9.47525e+06,60.0001,true,feasible,4524460,2.91038e-11,4,10,1,855720.67522723996,7.4031e-05,float_hook=on;lns=on;lns_interval=3;compound_moves=off;novelty_prob=0.5;unproductive_iters=300;perturbation_period=100;max_iterations=0;time_limit=on
2,mathopt5_7,-4.43673,-4.43673,-4.43673,-1.01207e-08,1.02575e-07,60,true,matches-bks,4524460,0,0,87,0,0,1.1104e-05,float_hook=on;lns=on;lns_interval=3;compound_moves=off;novelty_prob=0.5;unproductive_iters=300;perturbation_period=100;max_iterations=0;time_limit=on
2,elec25,NaN,243.813,90.2276,NaN,NaN,60.0004,false,infeasible(residual=1; 25 viol; worst row0 ==; obj non-finite here) | bug: Thomson problem: points on the unit sphere; Coulomb objective +inf wherever two coincide. The objective-encoding defects (#100) are fixed and are no longer the blocker; tracked now as #110. What remains is the Float jump: the .nl gives no finite variable bounds; so the box is the +/-1e9 inf-clamp; random init starts ~1e9 out; and driving each variable to 0 is a huge row improvement - which lands the search on the origin; a stationary point of every row x^2+y^2+z^2=1. The Float jump offers one undamped Newton step (x0 - residual/grad) plus lb/ub/midpoint; near the origin that step overshoots wildly and is rejected; and because a candidate was still generated the #107 escape probe is suppressed; so the variable freezes at score 0. Measured: the escape probe fires only at exactly x0=0; at x0=0.001/0.01/0.1 the score is 0 whether it is armed or not. Infeasible at violation ~1 with the objective present AND with it neutralised; so this is not objective-related. Tightening the inf-clamp to 1 makes elec25 feasible at violation 0 post-#100 (pre-#100 it was infeasible at every clamp); because clamping accidentally supplies the missing damping.,4524460,0.9997,0,22,0,NaN,NaN,float_hook=on;lns=on;lns_interval=3;compound_moves=off;novelty_prob=0.5;unproductive_iters=300;perturbation_period=100;max_iterations=0;time_limit=on
2,st_e38,7197.73,7197.73,7197.73,-6.60847e-09,-6.60847e-09,60.0001,true,matches-bks,4524460,0,2,10,0,9059.8385765572748,0.000189759,float_hook=on;lns=on;lns_interval=3;compound_moves=off;novelty_prob=0.5;unproductive_iters=300;perturbation_period=100;max_iterations=0;time_limit=on
2,ex8_1_5,-1.03163,-1.03163,NaN,-4.7456e-08,NaN,60,true,matches-bks,4524460,0,0,41,0,0,1.1803e-05,float_hook=on;lns=on;lns_interval=3;compound_moves=off;novelty_prob=0.5;unproductive_iters=300;perturbation_period=100;max_iterations=0;time_limit=on
2,maxmin,-0.366094,-0.366096,-0.815683,0.000590363,55.1181,60.0003,true,feasible,4524460,2.44512e-08,0,2,0,0,4.8959e-05,float_hook=on;lns=on;lns_interval=3;compound_moves=off;novelty_prob=0.5;unproductive_iters=300;perturbation_period=100;max_iterations=0;time_limit=on
2,nvs02,5.96418,5.96418,5.96418,1.17367e-09,1.17367e-09,60.0003,true,matches-bks,4524460,0,5,0,0,8.2546674073199977,0.0029686,float_hook=on;lns=on;lns_interval=3;compound_moves=off;novelty_prob=0.5;unproductive_iters=300;perturbation_period=100;max_iterations=0;time_limit=on
2,ex4_1_8,-16.7389,-16.7389,-16.7389,-2.31394e-09,1.17168e-07,60,true,matches-bks,4524460,0,0,133,1,-10,2.619e-05,float_hook=on;lns=on;lns_interval=3;compound_moves=off;novelty_prob=0.5;unproductive_iters=300;perturbation_period=100;max_iterations=0;time_limit=on
2,ex8_6_1,-20.7831,-28.4225,NaN,26.8782,NaN,60.0001,true,feasible,4524460,9.71203e-10,0,0,0,247.39760144333275,0.00333429,float_hook=on;lns=on;lns_interval=3;compound_moves=off;novelty_prob=0.5;unproductive_iters=300;perturbation_period=100;max_iterations=0;time_limit=on
2,nvs14,-40358.2,-40358.2,-40358.2,1.73446e-09,1.73446e-09,60.0002,true,matches-bks,4524460,0,5,0,0,-17453.325926800004,0.0027275,float_hook=on;lns=on;lns_interval=3;compound_moves=off;novelty_prob=0.5;unproductive_iters=300;perturbation_period=100;max_iterations=0;time_limit=on
2,st_e01,-6.66667,-6.66667,-6.66667,5e-09,5e-09,60,true,matches-bks,4524460,0,0,155,1,0,1.327e-05,float_hook=on;lns=on;lns_interval=3;compound_moves=off;novelty_prob=0.5;unproductive_iters=300;perturbation_period=100;max_iterations=0;time_limit=on
2,chain50,6.84963,5.07226,-37.1026,35.041,118.461,60.0001,true,feasible,4524460,2.31775e-09,0,1,1,8.4301721312471436,1.48221,float_hook=on;lns=on;lns_interval=3;compound_moves=off;novelty_prob=0.5;unproductive_iters=300;perturbation_period=100;max_iterations=0;time_limit=on
2,st_e40,30.4142,30.4142,30.4142,0,9.86381e-08,60,true,matches-bks; stale-analysis-note,4524460,0,3,20,0,35.071067499999998,0.502374,float_hook=on;lns=on;lns_interval=3;compound_moves=off;novelty_prob=0.5;unproductive_iters=300;perturbation_period=100;max_iterations=0;time_limit=on
2,st_e09,-0.5,-0.5,-0.5,2e-08,2e-07,60,true,matches-bks,4524460,0,0,74,0,0,1.1385e-05,float_hook=on;lns=on;lns_interval=3;compound_moves=off;novelty_prob=0.5;unproductive_iters=300;perturbation_period=100;max_iterations=0;time_limit=on
2,elec50,NaN,1055.18,359.03,NaN,NaN,60.0015,false,infeasible(residual=1; 50 viol; worst row0 ==; obj non-finite here) | bug: Same mechanism as elec25; at 50 points; see #110.,4524460,0.9997,0,13,0,NaN,NaN,float_hook=on;lns=on;lns_interval=3;compound_moves=off;novelty_prob=0.5;unproductive_iters=300;perturbation_period=100;max_iterations=0;time_limit=on
2,nvs05,36.8856,5.47093,5.47093,574.21,574.21,60,true,feasible,4524460,0,2,0,0,466740.88979962742,0.00218745,float_hook=on;lns=on;lns_interval=3;compound_moves=off;novelty_prob=0.5;unproductive_iters=300;perturbation_period=100;max_iterations=0;time_limit=on
2,ex4_1_9,-5.50627,-5.50801,-5.50801,0.0317294,0.0317315,60,true,feasible,4524460,0,0,48,0,0,1.1943e-05,float_hook=on;lns=on;lns_interval=3;compound_moves=off;novelty_prob=0.5;unproductive_iters=300;perturbation_period=100;max_iterations=0;time_limit=on
2,kall_ellipsoids_tc02b,32.4245,32.4,22.5,0.0755777,44.1088,60.0001,true,feasible,4524460,9.60155e-10,0,10,1,71.458029525173131,0.296735,float_hook=on;lns=on;lns_interval=3;compound_moves=off;novelty_prob=0.5;unproductive_iters=300;perturbation_period=100;max_iterations=0;time_limit=on
2,nvs22,16.5353,6.05822,6.05822,172.94,172.94,60.0003,true,feasible,4524460,0,4,0,0,7984.7024000000001,0.0035562,float_hook=on;lns=on;lns_interval=3;compound_moves=off;novelty_prob=0.5;unproductive_iters=300;perturbation_period=100;max_iterations=0;time_limit=on
2,mathopt1,1.87265e-13,3.28943e-18,0,1.87262e-13,1.87265e-13,60,true,matches-bks,4524460,0,0,36,0,1,1.341e-05,float_hook=on;lns=on;lns_interval=3;compound_moves=off;novelty_prob=0.5;unproductive_iters=300;perturbation_period=100;max_iterations=0;time_limit=on
2,least,14087.1,0,0,14087.1,14087.1,60,true,feasible,4524460,0,0,11,2,752888,1.2501e-05,float_hook=on;lns=on;lns_interval=3;compound_moves=off;novelty_prob=0.5;unproductive_iters=300;perturbation_period=100;max_iterations=0;time_limit=on
2,tln2,5.3,5.3,5.3,0,0,60,true,matches-bks,4524460,0,8,9,0,5.2999999999999998,0.000235297,float_hook=on;lns=on;lns_interval=3;compound_moves=off;novelty_prob=0.5;unproductive_iters=300;perturbation_period=100;max_iterations=0;time_limit=on
2,prob06,1.17712,1.17712,1.17712,-0.000318424,-0.000317915,60,true,within-tolerance-of-bks,4524460,7.77281e-07,0,90,0,3.25,4.0089e-05,float_hook=on;lns=on;lns_interval=3;compound_moves=off;novelty_prob=0.5;unproductive_iters=300;perturbation_period=100;max_iterations=0;time_limit=on
2,ex6_2_11,-2.67241e-06,-2.67241e-06,-4.7709e-06,7.5409e-05,43.9853,60,true,matches-bks,4524460,6.79591e-07,0,6,6,0.30620126132884745,5.4198e-05,float_hook=on;lns=on;lns_interval=3;compound_moves=off;novelty_prob=0.5;unproductive_iters=300;perturbation_period=100;max_iterations=0;time_limit=on
2,spring,0.846246,0.846244,0.846246,0.000184954,7.37503e-09,60.0001,true,matches-bks,4524460,1.21906e-13,12,8,0,1.8378948928303542,0.00164792,float_hook=on;lns=on;lns_interval=3;compound_moves=off;novelty_prob=0.5;unproductive_iters=300;perturbation_period=100;max_iterations=0;time_limit=on
2,prob09,-7.98273e-10,-1.00256e-13,-1.00256e-13,-7.98173e-10,-7.98173e-10,60,true,matches-bks,4524460,7.98873e-10,0,68,10,1,2.8147e-05,float_hook=on;lns=on;lns_interval=3;compound_moves=off;novelty_prob=0.5;unproductive_iters=300;perturbation_period=100;max_iterations=0;time_limit=on
2,ex6_2_6,-2.60253e-06,-2.60253e-06,-3.49783e-06,-8.20133e-05,25.5959,60,true,matches-bks,4524460,9.67447e-07,0,7,7,0.035034518377537134,5.797e-05,float_hook=on;lns=on;lns_interval=3;compound_moves=off;novelty_prob=0.5;unproductive_iters=300;perturbation_period=100;max_iterations=0;time_limit=on
2,windfac,0.254487,0.254487,0.254487,1.40608e-08,1.40608e-08,60.0001,true,matches-bks,4524460,5.55112e-17,3,15,2,0.74999999940791739,0.00194129,float_hook=on;lns=on;lns_interval=3;compound_moves=off;novelty_prob=0.5;unproductive_iters=300;perturbation_period=100;max_iterations=0;time_limit=on
2,st_e08,0.741798,0.741782,0.741782,0.00219028,0.00219066,60,true,feasible,4524460,0,0,98,0,0.75,3.3804e-05,float_hook=on;lns=on;lns_interval=3;compound_moves=off;novelty_prob=0.5;unproductive_iters=300;perturbation_period=100;max_iterations=0;time_limit=on
2,ex6_2_8,-0.0270063,-0.0270063,-0.0270079,0.000104709,0.00590263,60,true,matches-bks,4524460,0,0,6,0,0.022701408685956548,6.5304e-05,float_hook=on;lns=on;lns_interval=3;compound_moves=off;novelty_prob=0.5;unproductive_iters=300;perturbation_period=100;max_iterations=0;time_limit=on
2,eg_all_s,7.92018,7.65775,0,3.42699,7.92018,60.0183,true,feasible,4524460,0,7,0,0,1000000000,0.0831037,float_hook=on;lns=on;lns_interval=3;compound_moves=off;novelty_prob=0.5;unproductive_iters=300;perturbation_period=100;max_iterations=0;time_limit=on
3,process,-1161.19,-1161.34,-1161.34,0.0124756,0.0124771,60,true,feasible,4524460,4.71728e-10,0,64,0,0.85148890892799045,0.000426729,float_hook=on;lns=on;lns_interval=3;compound_moves=off;novelty_prob=0.5;unproductive_iters=300;perturbation_period=100;max_iterations=0;time_limit=on
3,st_e36,-243.857,-246,-246,0.871235,0.871235,60,true,feasible,4524460,1.47831e-11,1,10,3,-147.00000000000003,5.8248e-05,float_hook=on;lns=on;lns_interval=3;compound_moves=off;novelty_prob=0.5;unproductive_iters=300;perturbation_period=100;max_iterations=0;time_limit=on
3,ex4_1_1,-7.48731,-7.48731,-7.48731,1.30403e-09,9.47955e-08,60,true,matches-bks,4524460,0,0,65,0,0.10000000000000001,1.3479e-05,float_hook=on;lns=on;lns_interval=3;compound_moves=off;novelty_prob=0.5;unproductive_iters=300;perturbation_period=100;max_iterations=0;time_limit=on
3,ex8_1_6,-5.06544,-10.086,-10.086,49.7775,49.7775,60,true,feasible,4524460,0,0,32,0,-0.49349841453301291,1.2012e-05,float_hook=on;lns=on;lns_interval=3;compound_moves=off;novelty_prob=0.5;unproductive_iters=300;perturbation_period=100;max_iterations=0;time_limit=on
3,alkylation,1768.59,1768.81,1768.81,0.0120669,0.0120698,60,true,feasible,4524460,1.25037e-08,0,52,1,9.5905335176969483e-06,0.0753502,float_hook=on;lns=on;lns_interval=3;compound_moves=off;novelty_prob=0.5;unproductive_iters=300;perturbation_period=100;max_iterations=0;time_limit=on
3,nvs21,0,-5.68478,-5.68478,100,100,60.0002,true,feasible,4524460,0,2,1,0,0,1.1943e-05,float_hook=on;lns=on;lns_interval=3;compound_moves=off;novelty_prob=0.5;unproductive_iters=300;perturbation_period=100;max_iterations=0;time_limit=on
3,ex4_1_2,-663.5,-663.5,-663.5,7.12694e-07,8.18195e-07,60,true,matches-bks,4524460,0,0,12,1,-539.95734098699972,1.3689e-05,float_hook=on;lns=on;lns_interval=3;compound_moves=off;novelty_prob=0.5;unproductive_iters=300;perturbation_period=100;max_iterations=0;time_limit=on
3,ex14_2_5,0,0,0,0,0,60,true,matches-bks,4524460,9.4704e-10,0,183,41,0.66298817112216568,0.00010546,float_hook=on;lns=on;lns_interval=3;compound_moves=off;novelty_prob=0.5;unproductive_iters=300;perturbation_period=100;max_iterations=0;time_limit=on
3,mathopt5_3,-1.61642,-1.61642,-1.61643,-1.80525e-08,3.40076e-05,60,true,matches-bks,4524460,0,0,115,0,0,1.0616e-05,float_hook=on;lns=on;lns_interval=3;compound_moves=off;novelty_prob=0.5;unproductive_iters=300;perturbation_period=100;max_iterations=0;time_limit=on
3,ex8_4_5,0.000307688,0.000307486,0.000307485,0.0655498,0.0659732,60.0001,true,matches-bks,4524460,0,0,5,1,0.0024162252707440931,0.365501,float_hook=on;lns=on;lns_interval=3;compound_moves=off;novelty_prob=0.5;unproductive_iters=300;perturbation_period=100;max_iterations=0;time_limit=on
3,nvs01,45.6392,12.4697,12.4697,266.002,266.002,60.0001,true,feasible; stale-analysis-note,4524460,0,2,1,0,176.85208606343167,2.12854,float_hook=on;lns=on;lns_interval=3;compound_moves=off;novelty_prob=0.5;unproductive_iters=300;perturbation_period=100;max_iterations=0;time_limit=on
3,ex4_1_3,-443.672,-443.672,-443.672,-9.2614e-09,1.48513e-07,60,true,matches-bks,4524460,0,0,101,0,0,1.1873e-05,float_hook=on;lns=on;lns_interval=3;compound_moves=off;novelty_prob=0.5;unproductive_iters=300;perturbation_period=100;max_iterations=0;time_limit=on
3,ex14_2_4,0,0,0,0,0,60,true,matches-bks,4524460,8.87496e-10,0,34,7,0.48561597785704258,0.000354862,float_hook=on;lns=on;lns_interval=3;compound_moves=off;novelty_prob=0.5;unproductive_iters=300;perturbation_period=100;max_iterations=0;time_limit=on
3,ex8_1_1,-2.02181,-2.02181,-2.02181,-1.77851e-08,2.54545e-05,60,true,matches-bks,4524460,0,0,83,0,0,9.708e-06,float_hook=on;lns=on;lns_interval=3;compound_moves=off;novelty_prob=0.5;unproductive_iters=300;perturbation_period=100;max_iterations=0;time_limit=on
3,shiporig,5.54104,5.54091,0,0.00217981,5.54104,60.0001,true,feasible,4524460,8.76551e-07,0,3,0,52.16833519293786,0.000659859,float_hook=on;lns=on;lns_interval=3;compound_moves=off;novelty_prob=0.5;unproductive_iters=300;perturbation_period=100;max_iterations=0;time_limit=on
3,nvs08,23.4497,23.4497,23.4497,-9.65074e-08,3.14258e-08,60.0002,true,matches-bks,4524460,6.05334e-08,2,1,1,10829.104000250001,0.00036478,float_hook=on;lns=on;lns_interval=3;compound_moves=off;novelty_prob=0.5;unproductive_iters=300;perturbation_period=100;max_iterations=0;time_limit=on
3,ex4_1_7,-7.5,-7.5,-7.5,0,9.33333e-08,60,true,matches-bks,4524460,0,0,114,0,0,1.1314e-05,float_hook=on;lns=on;lns_interval=3;compound_moves=off;novelty_prob=0.5;unproductive_iters=300;perturbation_period=100;max_iterations=0;time_limit=on
3,eq6_1,687.89,670.694,194.583,2.56392,253.52,60.0002,true,feasible,4524460,0,0,1,0,1104.3119007120645,0.0376343,float_hook=on;lns=on;lns_interval=3;compound_moves=off;novelty_prob=0.5;unproductive_iters=300;perturbation_period=100;max_iterations=0;time_limit=on
3,minlphi,582.236,582.236,582.236,-1.5492e-06,-1.5492e-06,60.0001,true,matches-bks,4524460,5.70045e-07,0,16,0,582.23614204304056,0.000602729,float_hook=on;lns=on;lns_interval=3;compound_moves=off;novelty_prob=0.5;unproductive_iters=300;perturbation_period=100;max_iterations=0;time_limit=on
3,gear4,29054,1.64343,1.64343,1.76779e+06,1.76779e+06,60,true,feasible,4524460,0,4,10,4,855720.67522723996,7.8781e-05,float_hook=on;lns=on;lns_interval=3;compound_moves=off;novelty_prob=0.5;unproductive_iters=300;perturbation_period=100;max_iterations=0;time_limit=on
3,mathopt5_7,-4.43673,-4.43673,-4.43673,-1.01207e-08,1.02575e-07,60,true,matches-bks,4524460,0,0,86,0,0,1.1384e-05,float_hook=on;lns=on;lns_interval=3;compound_moves=off;novelty_prob=0.5;unproductive_iters=300;perturbation_period=100;max_iterations=0;time_limit=on
3,elec25,NaN,243.813,90.2276,NaN,NaN,60.0008,false,infeasible(residual=1; 25 viol; worst row0 ==; obj non-finite here) | bug: Thomson problem: points on the unit sphere; Coulomb objective +inf wherever two coincide. The objective-encoding defects (#100) are fixed and are no longer the blocker; tracked now as #110. What remains is the Float jump: the .nl gives no finite variable bounds; so the box is the +/-1e9 inf-clamp; random init starts ~1e9 out; and driving each variable to 0 is a huge row improvement - which lands the search on the origin; a stationary point of every row x^2+y^2+z^2=1. The Float jump offers one undamped Newton step (x0 - residual/grad) plus lb/ub/midpoint; near the origin that step overshoots wildly and is rejected; and because a candidate was still generated the #107 escape probe is suppressed; so the variable freezes at score 0. Measured: the escape probe fires only at exactly x0=0; at x0=0.001/0.01/0.1 the score is 0 whether it is armed or not. Infeasible at violation ~1 with the objective present AND with it neutralised; so this is not objective-related. Tightening the inf-clamp to 1 makes elec25 feasible at violation 0 post-#100 (pre-#100 it was infeasible at every clamp); because clamping accidentally supplies the missing damping.,4524460,0.9997,0,23,0,NaN,NaN,float_hook=on;lns=on;lns_interval=3;compound_moves=off;novelty_prob=0.5;unproductive_iters=300;perturbation_period=100;max_iterations=0;time_limit=on
3,st_e38,7197.73,7197.73,7197.73,-6.60847e-09,-6.60847e-09,60,true,matches-bks,4524460,0,2,9,0,9059.8385765572748,0.000194228,float_hook=on;lns=on;lns_interval=3;compound_moves=off;novelty_prob=0.5;unproductive_iters=300;perturbation_period=100;max_iterations=0;time_limit=on
3,ex8_1_5,-1.03163,-1.03163,NaN,-4.7456e-08,NaN,60,true,matches-bks,4524460,0,0,40,0,0,1.2292e-05,float_hook=on;lns=on;lns_interval=3;compound_moves=off;novelty_prob=0.5;unproductive_iters=300;perturbation_period=100;max_iterations=0;time_limit=on
3,maxmin,-0.36607,-0.366096,-0.815683,0.00705839,55.121,60.0002,true,feasible,4524460,1.23263e-09,0,2,0,0,4.393e-05,float_hook=on;lns=on;lns_interval=3;compound_moves=off;novelty_prob=0.5;unproductive_iters=300;perturbation_period=100;max_iterations=0;time_limit=on
3,nvs02,6.05795,5.96418,5.96418,1.57209,1.57209,60.0004,true,feasible,4524460,1.77636e-15,5,2,0,7.5503046122699988,6.47737,float_hook=on;lns=on;lns_interval=3;compound_moves=off;novelty_prob=0.5;unproductive_iters=300;perturbation_period=100;max_iterations=0;time_limit=on
3,ex4_1_8,-16.7389,-16.7389,-16.7389,-6.69372e-09,1.12788e-07,60,true,matches-bks,4524460,0,0,133,0,-10,2.4794e-05,float_hook=on;lns=on;lns_interval=3;compound_moves=off;novelty_prob=0.5;unproductive_iters=300;perturbation_period=100;max_iterations=0;time_limit=on
3,ex8_6_1,-17.4211,-28.4225,NaN,38.7067,NaN,60.0001,true,feasible,4524460,4.73089e-10,0,0,0,-0.0088824245608597613,0.00246958,float_hook=on;lns=on;lns_interval=3;compound_moves=off;novelty_prob=0.5;unproductive_iters=300;perturbation_period=100;max_iterations=0;time_limit=on
3,nvs14,-40358.2,-40358.2,-40358.2,1.73446e-09,1.73446e-09,60.0003,true,matches-bks,4524460,1.77636e-15,5,3,0,-24496.953877300002,6.17396,float_hook=on;lns=on;lns_interval=3;compound_moves=off;novelty_prob=0.5;unproductive_iters=300;perturbation_period=100;max_iterations=0;time_limit=on
3,st_e01,-6.66667,-6.66667,-6.66667,5e-09,5e-09,60,true,matches-bks,4524460,0,0,158,0,0,1.1384e-05,float_hook=on;lns=on;lns_interval=3;compound_moves=off;novelty_prob=0.5;unproductive_iters=300;perturbation_period=100;max_iterations=0;time_limit=on
3,chain50,6.8841,5.07226,-37.1026,35.7205,118.554,60.0006,true,feasible,4524460,6.95428e-10,0,2,0,8.6416013189066287,4.08898,float_hook=on;lns=on;lns_interval=3;compound_moves=off;novelty_prob=0.5;unproductive_iters=300;perturbation_period=100;max_iterations=0;time_limit=on
3,st_e40,30.4142,30.4142,30.4142,0,9.86381e-08,60,true,matches-bks; stale-analysis-note,4524460,0,3,21,1,30.414213499999999,0.502415,float_hook=on;lns=on;lns_interval=3;compound_moves=off;novelty_prob=0.5;unproductive_iters=300;perturbation_period=100;max_iterations=0;time_limit=on
3,st_e09,-0.5,-0.5,-0.5,2e-08,2e-07,60,true,matches-bks,4524460,0,0,73,0,0,1.1105e-05,float_hook=on;lns=on;lns_interval=3;compound_moves=off;novelty_prob=0.5;unproductive_iters=300;perturbation_period=100;max_iterations=0;time_limit=on
3,elec50,NaN,1055.18,359.03,NaN,NaN,60.0017,false,infeasible(residual=1; 50 viol; worst row0 ==; obj non-finite here) | bug: Same mechanism as elec25; at 50 points; see #110.,4524460,0.9997,0,13,0,NaN,NaN,float_hook=on;lns=on;lns_interval=3;compound_moves=off;novelty_prob=0.5;unproductive_iters=300;perturbation_period=100;max_iterations=0;time_limit=on
3,nvs05,15.1681,5.47093,5.47093,177.249,177.249,60.0005,true,feasible,4524460,0,2,0,0,137.90042629999999,0.00511105,float_hook=on;lns=on;lns_interval=3;compound_moves=off;novelty_prob=0.5;unproductive_iters=300;perturbation_period=100;max_iterations=0;time_limit=on
3,ex4_1_9,-5.50659,-5.50801,-5.50801,0.0259201,0.0259222,60,true,feasible,4524460,2.86228e-10,0,34,1,0,1.2781e-05,float_hook=on;lns=on;lns_interval=3;compound_moves=off;novelty_prob=0.5;unproductive_iters=300;perturbation_period=100;max_iterations=0;time_limit=on
3,kall_ellipsoids_tc02b,63.2921,32.4,22.5,95.3459,181.298,60.0001,true,feasible,4524460,9.85119e-10,0,9,1,112,0.343529,float_hook=on;lns=on;lns_interval=3;compound_moves=off;novelty_prob=0.5;unproductive_iters=300;perturbation_period=100;max_iterations=0;time_limit=on
3,nvs22,24.8919,6.05822,6.05822,310.877,310.877,60.0006,true,feasible,4524460,0,4,0,0,2259.4252800000004,0.00989147,float_hook=on;lns=on;lns_interval=3;compound_moves=off;novelty_prob=0.5;unproductive_iters=300;perturbation_period=100;max_iterations=0;time_limit=on
3,mathopt1,2.05548e-14,3.28943e-18,0,2.05515e-14,2.05548e-14,60,true,matches-bks,4524460,0,0,36,0,1,1.5016e-05,float_hook=on;lns=on;lns_interval=3;compound_moves=off;novelty_prob=0.5;unproductive_iters=300;perturbation_period=100;max_iterations=0;time_limit=on
3,least,14085.1,0,0,14085.1,14085.1,60,true,feasible,4524460,0,0,11,3,752888,1.4667e-05,float_hook=on;lns=on;lns_interval=3;compound_moves=off;novelty_prob=0.5;unproductive_iters=300;perturbation_period=100;max_iterations=0;time_limit=on
3,tln2,5.3,5.3,5.3,0,0,60.0001,true,matches-bks,4524460,0,8,11,1,5.2999999999999998,0.0385245,float_hook=on;lns=on;lns_interval=3;compound_moves=off;novelty_prob=0.5;unproductive_iters=300;perturbation_period=100;max_iterations=0;time_limit=on
3,prob06,1.17712,1.17712,1.17712,-0.00031886,-0.00031835,60,true,within-tolerance-of-bks,4524460,7.78343e-07,0,87,0,3.25,4.4908e-05,float_hook=on;lns=on;lns_interval=3;compound_moves=off;novelty_prob=0.5;unproductive_iters=300;perturbation_period=100;max_iterations=0;time_limit=on
3,ex6_2_11,-2.6724e-06,-2.67241e-06,-4.7709e-06,0.000293696,43.9854,60.0001,true,matches-bks,4524460,7.06993e-07,0,5,3,0.0050045608779482366,5.301e-05,float_hook=on;lns=on;lns_interval=3;compound_moves=off;novelty_prob=0.5;unproductive_iters=300;perturbation_period=100;max_iterations=0;time_limit=on
3,spring,0.846246,0.846244,0.846246,0.00026142,7.64731e-05,60.0001,true,feasible,4524460,0,12,8,0,1.3239497291734745,0.213646,float_hook=on;lns=on;lns_interval=3;compound_moves=off;novelty_prob=0.5;unproductive_iters=300;perturbation_period=100;max_iterations=0;time_limit=on
3,prob09,0,-1.00256e-13,-1.00256e-13,1.00256e-13,1.00256e-13,60,true,matches-bks,4524460,6.97539e-08,0,69,18,1,2.7657e-05,float_hook=on;lns=on;lns_interval=3;compound_moves=off;novelty_prob=0.5;unproductive_iters=300;perturbation_period=100;max_iterations=0;time_limit=on
3,ex6_2_6,-2.60253e-06,-2.60253e-06,-3.49783e-06,-6.5502e-05,25.5959,60,true,matches-bks,4524460,8.46712e-07,0,4,4,1.2952063104449345,5.699e-05,float_hook=on;lns=on;lns_interval=3;compound_moves=off;novelty_prob=0.5;unproductive_iters=300;perturbation_period=100;max_iterations=0;time_limit=on
3,windfac,0.254487,0.254487,0.254487,-0.000252807,-0.000252807,60.0001,true,matches-bks,4524460,7.71707e-07,3,15,2,0.74999999940791739,0.00187796,float_hook=on;lns=on;lns_interval=3;compound_moves=off;novelty_prob=0.5;unproductive_iters=300;perturbation_period=100;max_iterations=0;time_limit=on
3,st_e08,0.741798,0.741782,0.741782,0.00219028,0.00219066,60,true,feasible,4524460,0,0,100,0,0.75,3.1498e-05,float_hook=on;lns=on;lns_interval=3;compound_moves=off;novelty_prob=0.5;unproductive_iters=300;perturbation_period=100;max_iterations=0;time_limit=on
3,ex6_2_8,-0.0270063,-0.0270063,-0.0270079,0.000180522,0.00597844,60.0001,true,matches-bks,4524460,0,0,6,0,0.56340272686309767,6.7816e-05,float_hook=on;lns=on;lns_interval=3;compound_moves=off;novelty_prob=0.5;unproductive_iters=300;perturbation_period=100;max_iterations=0;time_limit=on
3,eg_all_s,7.92018,7.65775,0,3.42699,7.92018,60.1385,true,feasible,4524460,0,7,0,0,1000000000,0.110705,float_hook=on;lns=on;lns_interval=3;compound_moves=off;novelty_prob=0.5;unproductive_iters=300;perturbation_period=100;max_iterations=0;time_limit=on
